{"cameraMode":{"drawMode":2,"name":"Shaded Wireframe","section":"Shading Mode"},"sceneLighting":true,"audioPlay":false,"sceneViewState":{"showFog":true,"showMaterialUpdate":false,"showSkybox":true,"showFlares":true,"showImageEffects":true,"showParticleSystems":true},"in2DMode":false,"pivot":{"x":-5.489922046661377,"y":1.4143476486206055,"z":4.04833984375},"rotation":{"x":-0.24652759730815888,"y":0.5279629230499268,"z":-0.16349859535694123,"w":-0.7960871458053589},"size":5.705539226531982,"orthographic":false}